低卡瘦身食譜泰式涼拌透抽&蔬菜,新鮮大透抽,小黃瓜,小蕃茄,玉米筍,香菜,履歷橘椒,薑片,履歷紅椒,米酒,魚露,冰水,蒜末,辣油,檸檬汁,砂糖,NULL,NULL,NULL,NULL
減肥瘦身排水湯,紅蘿蔔,洋蔥,白蘿蔔,小番茄,芹菜,鹽巴,薑,蒜,雞湯塊,雞蛋,NULL,NULL,NULL,NULL,NULL,NULL,NULL,NULL,NULL
瘦身魚肉時蔬炒飯,鯛魚片大,熟毛豆,熟紅蘿蔔,熟筍,香菇,蔥,醬油,鹽巴,味精,冷凍花椰菜米,糙米飯,食油,NULL,NULL,NULL,NULL,NULL,NULL,NULL
低卡瘦身料理~芒果優格沙拉,小黃瓜,小番茄,蘋果,芒果,優格,檸檬汁,NULL,NULL,NULL,NULL,NULL,NULL,NULL,NULL,NULL,NULL,NULL,NULL,NULL
[瘦身食譜] 泡菜鮪魚Poke bowl,花椰菜米,雞蛋,牛油果,吞拿魚,泡菜,玉米粒,NULL,NULL,NULL,NULL,NULL,NULL,NULL,NULL,NULL,NULL,NULL,NULL,NULL
滑肉雙色蘿蔔湯,白蘿蔔,紅蘿蔔,豬絞肉,蔥花,太白粉,白胡椒粉,白胡椒,香油,蠔油,NULL,NULL,NULL,NULL,NULL,NULL,NULL,NULL,NULL,NULL
【韓式-輕食】營養瘦身豆皮壽司,豆皮,米飯,牛肉片,醋,醬油,鮪魚,香鬆,蒜末,洋蔥碎,蛋,豆皮汁,糖,小黃瓜丁,鹽巴,芝麻油,蛋黃醬,胡椒粉,芝麻葉,NULL
芋泥球,芋頭,糖,全脂牛奶,NULL,NULL,NULL,NULL,NULL,NULL,NULL,NULL,NULL,NULL,NULL,NULL,NULL,NULL,NULL,NULL
舞菇龍鬚排骨瘦身湯,玉米須,豬排骨,舞菇,鹽巴,NULL,NULL,NULL,NULL,NULL,NULL,NULL,NULL,NULL,NULL,NULL,NULL,NULL,NULL,NULL
肉末芋絲｜簡易美味減重料理,芋絲,豬絞肉,老抽,香菇,生粉,蝦米,糖,油,蠔油,NULL,NULL,NULL,NULL,NULL,NULL,NULL,NULL,NULL,NULL
紅棗龍鬚茶(養顏瘦身茶飲),玉米鬚,紅棗,水,NULL,NULL,NULL,NULL,NULL,NULL,NULL,NULL,NULL,NULL,NULL,NULL,NULL,NULL,NULL,NULL
【台鹽料理教室】雞肉溫沙拉,羅曼生菜,紅甜椒,橄欖油,黃甜椒,味噌,洋蔥,鮮選我塩麴,去骨雞腿排,鮮菇,NULL,NULL,NULL,NULL,NULL,NULL,NULL,NULL,NULL,NULL
低卡健康燕麥香蕉Pancake,香蕉,雞蛋,燕麥,NULL,NULL,NULL,NULL,NULL,NULL,NULL,NULL,NULL,NULL,NULL,NULL,NULL,NULL,NULL,NULL
【減脂便當】鮪魚薯泥&甜豆蝦仁,馬鈴薯,蒜頭,甜豆,牛奶,蝦仁,節瓜,水煮鮪魚罐頭,洋蔥,鹽,雞蛋,杏鮑菇,綜合香料,青花菜,玉米筍,黑胡椒粉,NULL,NULL,NULL,NULL
生酮版牛排丼,去骨牛小排,花椰米,玫瑰鹽,黑胡椒粉,匈牙利紅甜椒粉,橄欖油,NULL,NULL,NULL,NULL,NULL,NULL,NULL,NULL,NULL,NULL,NULL,NULL,NULL
墨西哥酪梨雞肉捲餅(夏日輕食料理),雞里肌肉,番茄,黑胡椒,墨西哥餅皮 ,雞蛋,酪梨,蘿蔓生菜 ,NULL,NULL,NULL,NULL,NULL,NULL,NULL,NULL,NULL,NULL,NULL,NULL
偽鮭魚炒飯,鮭魚,花椰菜米,鹽,蔥花,醬油,雞蛋,NULL,NULL,NULL,NULL,NULL,NULL,NULL,NULL,NULL,NULL,NULL,NULL,NULL
鹽烤櫛瓜,櫛瓜,鹽巴,NULL,NULL,NULL,NULL,NULL,NULL,NULL,NULL,NULL,NULL,NULL,NULL,NULL,NULL,NULL,NULL,NULL
減脂料理-蔬菜炒蛋,雞蛋,玉米筍,毛豆莢,洋蔥,小黃瓜,水或牛奶,鹽,義式香料,NULL,NULL,NULL,NULL,NULL,NULL,NULL,NULL,NULL,NULL,NULL
【食材測試】低卡裸麥黑麵包,黑麵包,酪梨,蔓越莓,蝦仁,市售紅茶,蛋,蒜香調味,NULL,NULL,NULL,NULL,NULL,NULL,NULL,NULL,NULL,NULL,NULL,NULL
洋蔥優格雞胸,雞胸肉,優格,洋蔥,蒜味鹽,NULL,NULL,NULL,NULL,NULL,NULL,NULL,NULL,NULL,NULL,NULL,NULL,NULL,NULL,NULL
【低醣千張蛋餅】酪梨起司蔥蛋餅,非基改千張豆腐皮,蛋,純在葡萄柚蘋果綠茶,蔥,起司,酪梨,醬油,NULL,NULL,NULL,NULL,NULL,NULL,NULL,NULL,NULL,NULL,NULL,NULL
低碳義大利肉醬海鮮櫛瓜麫,櫛瓜,紫洋蔥🧅,豬或牛攪肉,海鮮加自己喜歡的,鵝油or豬油,蒜🧄未,辣椒🌶️,🍋檸檬,九層塔,冷壓初榨橄欖油,酪梨,百香果,芒果,鳳梨火龍果,NULL,NULL,NULL,NULL,NULL
夏日清爽低卡料理-越南春捲,蝦子,雞胸肉,醬油,小黃瓜,胡椒,蛋,魚露,米粉,蜂蜜,羅美生菜,檸檬汁,香油,辣椒粒,越南春捲皮,香菜,NULL,NULL,NULL,NULL
低醣料理 <瘦身料理> 藜麥酪梨塔,美國進口酪梨,藜麥,蒜頭,無糖希臘優格,海鹽,黑胡椒,水煮蛋黃,檸檬汁,NULL,NULL,NULL,NULL,NULL,NULL,NULL,NULL,NULL,NULL,NULL
「瘦身餐」蒸蒸篇～ 豆腐金針菇,雞蛋豆腐,金針菇,NULL,NULL,NULL,NULL,NULL,NULL,NULL,NULL,NULL,NULL,NULL,NULL,NULL,NULL,NULL,NULL,NULL
零廚藝備餐_輕食沙拉-低醣生酮均衡一下,美蔬菜 ,蘋果,牛番茄,雞蛋,雞胸肉,南瓜,葡萄乾,核桃,吐司邊,NULL,NULL,NULL,NULL,NULL,NULL,NULL,NULL,NULL,NULL
這不是麥當勞_低脂雞塊+香煎薯條,雞胸肉,板豆腐,馬鈴薯,雞蛋,海鹽,鹽巴,米酒,醬油,NULL,NULL,NULL,NULL,NULL,NULL,NULL,NULL,NULL,NULL,NULL
香蕉燕麥鬆餅,香蕉,蛋,燕麥,NULL,NULL,NULL,NULL,NULL,NULL,NULL,NULL,NULL,NULL,NULL,NULL,NULL,NULL,NULL,NULL
和風辣味燒豆腐〞天熱~就簡單煮一鍋低醣菜,豬後腿瘦絞肉,板豆腐,水,豆豉辣椒醬,柚肉和風醬,NULL,NULL,NULL,NULL,NULL,NULL,NULL,NULL,NULL,NULL,NULL,NULL,NULL,NULL
松露鮮蝦蛋偽炒飯,costco大蝦仁,蔥花,花椰菜米,雞蛋,松露醬,洋蔥,桃屋蒜醬,NULL,NULL,NULL,NULL,NULL,NULL,NULL,NULL,NULL,NULL,NULL,NULL
舞菇龍鬚排骨湯(美容瘦身湯品),舞菇,玉米鬚,豬小排,鹽巴,NULL,NULL,NULL,NULL,NULL,NULL,NULL,NULL,NULL,NULL,NULL,NULL,NULL,NULL,NULL
【減肥/瘦身/便當菜】雞肉豆腐漢堡排,雞里肌,板豆腐,醬油,雞蛋,米酒,水,小顆洋蔥,青蔥,麻油,紅蘿蔔,鹽,麵包粉,雞粉,太白粉,胡椒粉,黑胡椒,NULL,NULL,NULL
【減肥瘦身】藜麥沙拉,藜麥,蕃茄,欖橄油,小黃瓜,檸檬汁,玉米,辣椒碎,芫茜,豆,水,NULL,NULL,NULL,NULL,NULL,NULL,NULL,NULL,NULL
生酮偽炒飯,花椰菜,全蛋,鹽,煙燻鹹豬肉或肉絲,黑胡椒粉,小洋蔥,紅蘿蔔,毛豆,玉米筍,香菜或蔥花,NULL,NULL,NULL,NULL,NULL,NULL,NULL,NULL,NULL
[生酮] 蝦鬆,蝦仁,芹菜,鹽巴,蒜瓣,黑胡椒,生菜,NULL,NULL,NULL,NULL,NULL,NULL,NULL,NULL,NULL,NULL,NULL,NULL,NULL
夏日不流汗輕食～～壽司,米,醋,糖,紅蘿蔔,玉米筍,小黃瓜,蛋,肉鬆,海苔片,NULL,NULL,NULL,NULL,NULL,NULL,NULL,NULL,NULL,NULL
【營養師推薦】減醣燻鮭魚酪梨檸檬沙拉,酪梨,小黃瓜,橄欖油,甜椒,蜂蜜,蔬菜脫⽔機,蘿蔓葉,檸檬汁,不鏽鋼沙拉剪,煙燻鮭魚,蒜頭,醬汁搖搖杯,鹽,酪梨切片器,胡椒,壓蒜泥器,檸檬榨汁器,NULL,NULL
香料烤鮭魚,無刺鮭魚塊,新鮮迷迭香,蒜瓣,鹽,黑胡椒,米酒,NULL,NULL,NULL,NULL,NULL,NULL,NULL,NULL,NULL,NULL,NULL,NULL,NULL
免油炸偽鹹酥雞（無油無麵粉）,消化餅,雞胸肉,原味優格,蒜頭,黑胡椒,醬油,NULL,NULL,NULL,NULL,NULL,NULL,NULL,NULL,NULL,NULL,NULL,NULL,NULL
夏天的天然瘦身飲品~冰糖蜂蜜漬檸檬,無農藥檸檬,冰糖,蜂蜜,NULL,NULL,NULL,NULL,NULL,NULL,NULL,NULL,NULL,NULL,NULL,NULL,NULL,NULL,NULL,NULL
節能免油炸的刷嘴檸檬雞柳條,雞胸肉,原味玉米片,原味優格,雞蛋,檸檬汁,胡椒,鹽,NULL,NULL,NULL,NULL,NULL,NULL,NULL,NULL,NULL,NULL,NULL,NULL
瘦身輕食餐～嫩雞胸肉佐涼拌小黃瓜,雞胸肉,海鹽,橄欖油,涼拌小黃瓜材料,小黃瓜,蒜末,鹽巴,雞粉,味醂,檸檬汁,辣椒末,蒜蓉醬,蒜泥,醬油,蠔油,白糖,鹽,水,太白粉水
減脂溫沙拉,花椰菜,紅蘿蔔,鹽巴,美白菇,低鈉醬油,雞蛋,雞湯,醃好的雞肉,主食馬鈴薯,NULL,NULL,NULL,NULL,NULL,NULL,NULL,NULL,NULL,NULL
香菇蒸蛋,雞蛋,鈕扣乾香菇,鰹魚粉,鹽巴,NULL,NULL,NULL,NULL,NULL,NULL,NULL,NULL,NULL,NULL,NULL,NULL,NULL,NULL,NULL
低卡雞肉豆腐丼飯,洋蔥,豆腐,醬油,雞蛋,醬油膏,白芝麻,雞胸肉,糖,香油,鹽巴,味精,水或米酒,NULL,NULL,NULL,NULL,NULL,NULL,NULL
藜麥毛豆蒟蒻飯,藜麥,毛豆,蒟蒻米,海鹽,橄欖油,黑胡椒,NULL,NULL,NULL,NULL,NULL,NULL,NULL,NULL,NULL,NULL,NULL,NULL,NULL
生菜筍沙拉,綜合生菜,筍,小番茄,和風柚子醬,NULL,NULL,NULL,NULL,NULL,NULL,NULL,NULL,NULL,NULL,NULL,NULL,NULL,NULL,NULL
低脂南瓜牛肉拌飯,熟南瓜,牛攪肉,醬油,NULL,NULL,NULL,NULL,NULL,NULL,NULL,NULL,NULL,NULL,NULL,NULL,NULL,NULL,NULL,NULL
瘦身輕食餐～五蔬佐嫩豬里肌,豬里肌肉,調味,海鹽,橄欖油,沙拉,萵苣菜,紅蘿蔔絲,黃椒,蘋果片,蕃茄片,泰式淋醬,辣椒末,魚露,味醂,檸檬汁,糖,NULL,NULL,NULL
日日減醣瘦身料理 低醣蒼蠅頭,絞肉,韭菜花,蔭豉,嫩薑,辣椒,白胡椒,橄欖油,NULL,NULL,NULL,NULL,NULL,NULL,NULL,NULL,NULL,NULL,NULL,NULL
［低卡減重料理］越式鮮蝦春捲,鮮蝦,蘆筍,薄鹽醬油,蛋皮,胡椒粉,小黃瓜,魚露,美生菜,蜂蜜,雞胸肉,檸檬,NULL,NULL,NULL,NULL,NULL,NULL,NULL,NULL
越南蝦鮮春卷配花生蘸醬,越南春卷米紙,粉絲,花生醬,熟蝦,蠔油,蘿蔔絲,豉油,生菜,麻油,薄荷葉,水,NULL,NULL,NULL,NULL,NULL,NULL,NULL,NULL
清爽瘦身兼護眼素鰻魚便當*萍姊,飯,地瓜葉,鹽,紅蘿蔔,香油,豆包,蘆筍,水,紅椒,素鰻,黃椒,素蠔油,素蝦,糖,薑絲,太白粉,白芝麻,NULL,NULL
減醣料理 蘆筍炒雞胸肉（照燒口味）,雞胸肉,蘆筍,橄欖油,料酒,醬油,蜂蜜,蒜末,黑胡椒粒,NULL,NULL,NULL,NULL,NULL,NULL,NULL,NULL,NULL,NULL,NULL
日日減醣瘦身料理 奶油檸檬時蔬蝦,大蝦仁,蘑菇,櫛瓜,茄子,紅蘿蔔,芹菜,大蒜,香菜,辣椒,橄欖油,無鹽奶油,玫瑰鹽,黑胡椒,紅椒粉,小番茄,檸檬,NULL,NULL,NULL
微波鹽水雞絲〞低醣主菜快速備餐,雞里肌肉,鹽,水,喜歡的香料或醬汁,NULL,NULL,NULL,NULL,NULL,NULL,NULL,NULL,NULL,NULL,NULL,NULL,NULL,NULL,NULL
【健康瘦身】蔬菜酸辣湯,紅蘿蔔,黑木耳,豆瓣醬,磨菇,黑醋,豆腐,醬油,金針菇,麻油,雞湯,雞蛋,太白粉,NULL,NULL,NULL,NULL,NULL,NULL,NULL
涼拌寒天小黃瓜,寒天條,小黃瓜,蒜末,辣椒絲,薑末,檸檬汁,糖,鹽,香油,NULL,NULL,NULL,NULL,NULL,NULL,NULL,NULL,NULL,NULL
健身夥伴－嫩煎雞胸肉,去皮雞胸肉,希臘優格或檸檬汁,法式香草粉,撒神秘粉,匈牙利紅椒粉,蒜香粉,NULL,NULL,NULL,NULL,NULL,NULL,NULL,NULL,NULL,NULL,NULL,NULL,NULL
減脂版 日式毛豆丼飯,洋蔥,豬梅花/豬里肌,高麗菜,毛豆,金針菇,黑胡椒,醬油,米酒,糖,鹽,柴魚片,NULL,NULL,NULL,NULL,NULL,NULL,NULL,NULL
高蛋白「雞胸豆腐漢堡排」400卡,去皮雞胸肉,板豆腐,洋蔥,毛豆,紅蘿蔔,蒜頭,雞蛋,醬油,米酒,NULL,NULL,NULL,NULL,NULL,NULL,NULL,NULL,NULL,NULL
[蛋奶素/減脂]青江菜烘蛋（無五辛）,紅蘿蔔,金針菇,青江菜,雞蛋,鮮奶,醬油,胡椒鹽,橄欖油,NULL,NULL,NULL,NULL,NULL,NULL,NULL,NULL,NULL,NULL,NULL
【運動後料理】蝦仁菇菇,酪梨,蝦仁,菇,蛋,蒜香調味,NULL,NULL,NULL,NULL,NULL,NULL,NULL,NULL,NULL,NULL,NULL,NULL,NULL,NULL
涼拌鮪魚蛋淺漬高麗菜〞免動火低醣涼拌菜,高麗菜,鹽,罐頭水煮鮪魚,蛋,小番茄,柚肉和風醬/柚肉果醋/橄欖油,黑胡椒粒,NULL,NULL,NULL,NULL,NULL,NULL,NULL,NULL,NULL,NULL,NULL,NULL
油拌菠菜,菠菜,橄欖油,紅酒醋,辣椒,鹽,NULL,NULL,NULL,NULL,NULL,NULL,NULL,NULL,NULL,NULL,NULL,NULL,NULL,NULL
零負擔！減肥瘦身蔬菜湯,蕃茄,洋蔥,芹菜,南瓜,瘦肉,月桂葉,黑胡椒,鹽,水,NULL,NULL,NULL,NULL,NULL,NULL,NULL,NULL,NULL,NULL
低醣料理 <蔬菜> 檸檬蒜香花椰飯,白花椰菜粒,海鹽,黑胡椒,橄欖油,大蒜末,迷迭香末,檸檬汁,百里香,NULL,NULL,NULL,NULL,NULL,NULL,NULL,NULL,NULL,NULL,NULL
低醣料理 <蔬菜> 檸檬蒜香花椰飯,白花椰菜粒,海鹽,黑胡椒,橄欖油,大蒜末,迷迭香末,檸檬汁,百里香,NULL,NULL,NULL,NULL,NULL,NULL,NULL,NULL,NULL,NULL,NULL
帶子青瓜麵,小黃瓜,果醋,芒果,原味乳酪,帶子,蒜頭,NULL,NULL,NULL,NULL,NULL,NULL,NULL,NULL,NULL,NULL,NULL,NULL,NULL
《減醣料理》藜麥毛豆,栗子南瓜,藜麥,台灣紅藜,毛豆,雪白菇,鴻禧菇,NULL,NULL,NULL,NULL,NULL,NULL,NULL,NULL,NULL,NULL,NULL,NULL,NULL
低醣料理 <蔬果> 雙色酪梨船,酪梨,鮪魚罐頭,蟹肉,鮮蝦,自製美乃滋,蒜末,海鹽,黑胡椒,橄欖油,蒔蘿,自製低醣茄子醬,NULL,NULL,NULL,NULL,NULL,NULL,NULL,NULL
清炒海鮮義大利麵,蝦子,小捲,甜椒,美白菇,義大利麵,洋蔥絲,黑胡椒粒,蒜頭,胡椒粉,鹽巴,辣椒粉,乳酪絲,NULL,NULL,NULL,NULL,NULL,NULL,NULL
無油無麵粉無精製糖香蕉燕麥蛋糕,燕麥片,泡打粉,香蕉,小蘇打粉,蛋,香蕉片,肉桂粉,牛奶,果乾,鹽,蜂蜜,核桃,巧克力,NULL,NULL,NULL,NULL,NULL,NULL
［可做寶寶副食品］自製新鮮豆漿,黃豆,水,砂糖,NULL,NULL,NULL,NULL,NULL,NULL,NULL,NULL,NULL,NULL,NULL,NULL,NULL,NULL,NULL,NULL
莎莎醬蘿蔓沙拉,蘿蔓,水煮鮪魚,牛番茄,水煮蛋,洋蔥,南瓜籽,檸檬汁,核桃,番茄醬,NULL,NULL,NULL,NULL,NULL,NULL,NULL,NULL,NULL,NULL
瘦身鮭魚健康餐,山藥,地瓜,蛋,蔬菜,鮭魚,NULL,NULL,NULL,NULL,NULL,NULL,NULL,NULL,NULL,NULL,NULL,NULL,NULL,NULL
義式蒜香嫩煎雞丁佐檸香美乃滋,雞胸切丁,鹽,水,義式香料/蒜粉,無鹽奶油,百家珍檸檬醋,美乃滋,NULL,NULL,NULL,NULL,NULL,NULL,NULL,NULL,NULL,NULL,NULL,NULL
高蛋白「低脂馬來風味牛肋咖喱」,牛肋條,蒜頭,紅蔥頭,薑,香茅,肉桂,洋蔥,紅蘿蔔,馬鈴薯,辣椒粉,咖喱粉,薑黃粉,椰奶,NULL,NULL,NULL,NULL,NULL,NULL
鮮蔬蒟蒻麵,蒟蒻麵,蛋,低鹽醬油,胡蘿蔔,香油,櫛瓜,熟芝麻粒,黃櫛瓜,黃瓜,豆芽,鹽,NULL,NULL,NULL,NULL,NULL,NULL,NULL,NULL
黑豆豉蕈菇雞柳,雞里肌肉切柳狀,鴻喜菇,薄鹽醬油,雪白菇,黑蔭豉,細蔥花,NULL,NULL,NULL,NULL,NULL,NULL,NULL,NULL,NULL,NULL,NULL,NULL,NULL
電鍋。絲瓜金針菇。快速省錢低油瘦身。,絲瓜,金針菇,電鍋,枸杞,薑,鹽,油,NULL,NULL,NULL,NULL,NULL,NULL,NULL,NULL,NULL,NULL,NULL,NULL
微波煮藜麥。包含冷凍保存及復熱分享,三色藜麥,水,NULL,NULL,NULL,NULL,NULL,NULL,NULL,NULL,NULL,NULL,NULL,NULL,NULL,NULL,NULL,NULL,NULL
南瓜封蛋，簡易瘦身餐（影片）,南瓜,雞蛋,橄欖油,鹽,粗粒胡椒,NULL,NULL,NULL,NULL,NULL,NULL,NULL,NULL,NULL,NULL,NULL,NULL,NULL,NULL
《洋蔥炒肉》,低脂豬絞肉,洋蔥半顆,醬油,醬油膏,米酒,味醂,糖,香油,鹽,NULL,NULL,NULL,NULL,NULL,NULL,NULL,NULL,NULL,NULL
木耳炒雞片〞低醣低脂瘦身菜,雞胸肉,蛋,黑木耳,鹽,水,白胡椒粉,NULL,NULL,NULL,NULL,NULL,NULL,NULL,NULL,NULL,NULL,NULL,NULL,NULL
清爽主菜《鷹嘴豆雞肉丸子咖哩》,熟鷹嘴豆,雞胸肉,醬油,芹菜,香油,印度咖哩粉,板豆腐,紅椒粉,椰漿,紅蘿蔔,鹽,玉米筍,洋蔥,孜然粉,茴香,NULL,NULL,NULL,NULL
《蒜炒甜椒小里肌》,豬小里肌,紅黃甜椒,米酒,蒜頭,水,油,鹽,黑胡椒,乾燥洋香菜葉,NULL,NULL,NULL,NULL,NULL,NULL,NULL,NULL,NULL,NULL
木耳炒雞片〞低醣低脂瘦身菜,雞胸肉,蛋,黑木耳,鹽,水,白胡椒粉,NULL,NULL,NULL,NULL,NULL,NULL,NULL,NULL,NULL,NULL,NULL,NULL,NULL
清爽低卡沙拉,雞胸肉,雞蛋白,無糖優格,玉米筍,美生菜,小蕃茄,茂谷柑,NULL,NULL,NULL,NULL,NULL,NULL,NULL,NULL,NULL,NULL,NULL,NULL
低脂便當菜《高麗菜雞胸肉餅》,雞胸肉,高麗菜,雞蛋,洋蔥,鹽,香油,黑胡椒,白胡椒粉,NULL,NULL,NULL,NULL,NULL,NULL,NULL,NULL,NULL,NULL,NULL
瘦身食譜～櫛瓜鮮蔬雞胸肉燉飯,雞胸肉,櫛瓜,洋香菜葉,紅甜椒,乾羅勒葉,黃甜椒,鹽,細蘆筍,蒜頭,白飯,開水,起司片,NULL,NULL,NULL,NULL,NULL,NULL,NULL
低卡青瓜雞柳蛋捲 （無澱粉）,雞蛋,雞柳條,小黃瓜,白胡椒,鹽,香草葉,NULL,NULL,NULL,NULL,NULL,NULL,NULL,NULL,NULL,NULL,NULL,NULL,NULL
低脂料理《水煮雞絲》,雞胸肉2塊,月桂葉,老薑片,米酒,NULL,NULL,NULL,NULL,NULL,NULL,NULL,NULL,NULL,NULL,NULL,NULL,NULL,NULL,NULL
低卡《高麗菜雞肉水餃》,高麗菜,雞胸肉,鹽,韭菜,香油,白胡椒粉,蒜頭,米酒,NULL,NULL,NULL,NULL,NULL,NULL,NULL,NULL,NULL,NULL,NULL
瘦身好夥伴～低卡番茄鮮菇高麗菜鯛魚湯,聖女小番茄,鯛魚腹片,秀珍菇,高麗菜,板豆腐,鹽,米酒,烹大師,蔥花,水,NULL,NULL,NULL,NULL,NULL,NULL,NULL,NULL,NULL
《椰漿印度咖哩雞柳》,雞柳,椰漿,印度咖哩粉,油,西班牙紅椒粉,乾燥洋香菜葉,鹽,NULL,NULL,NULL,NULL,NULL,NULL,NULL,NULL,NULL,NULL,NULL,NULL
【斷糖瘦身-下酒菜】微波蔬菜薄片,小芋頭,牛蒡,麻油,鹽,NULL,NULL,NULL,NULL,NULL,NULL,NULL,NULL,NULL,NULL,NULL,NULL,NULL,NULL,NULL
毛豆仁煸雞丁,雞肉丁,熟毛豆仁,橄欖油,辣椒,鹽,食用油,蒜頭,水,NULL,NULL,NULL,NULL,NULL,NULL,NULL,NULL,NULL,NULL,NULL
減肥低脂-雞胸肉水餃,雞胸肉,蔥/蘆筍/高麗菜/蔬菜,米酒,水餃皮,香油,醬油,鹽巴,黑胡椒,蒜,NULL,NULL,NULL,NULL,NULL,NULL,NULL,NULL,NULL,NULL
泰式海鮮沙津簡易快速版,"蝦仁,小卷",小蕃茄,檸檬,洋蔥,魚露,蒜末,棕梠糖,辣椒,香菜,熟花生,NULL,NULL,NULL,NULL,NULL,NULL,NULL,NULL,NULL
《鹹蛋山苦瓜雞絲》,山苦瓜,熟雞絲,食用油,鹹蛋,香油,蒜頭,鹽,NULL,NULL,NULL,NULL,NULL,NULL,NULL,NULL,NULL,NULL,NULL,NULL
減肥聖品：好嫩好多汁雞胸肉片,雞胸肉,鹽,胡椒,乾辣椒片,NULL,NULL,NULL,NULL,NULL,NULL,NULL,NULL,NULL,NULL,NULL,NULL,NULL,NULL,NULL
塔香清蒸雞胸肉 減肥瘦身 快速簡單,雞胸肉,米酒,醬油,味霖,九層塔,蒜頭,NULL,NULL,NULL,NULL,NULL,NULL,NULL,NULL,NULL,NULL,NULL,NULL,NULL
減脂期的藍莓香蕉卷,香蕉,吐司,全蛋,牛奶,藍莓果醬,NULL,NULL,NULL,NULL,NULL,NULL,NULL,NULL,NULL,NULL,NULL,NULL,NULL,NULL
低脂便當菜《速煎咖哩優格雞柳》,雞里肌,無糖原味優格,純咖哩粉,乾燥時蘿,鹽,米酒,黑胡椒,NULL,NULL,NULL,NULL,NULL,NULL,NULL,NULL,NULL,NULL,NULL,NULL
檸檬起司蛋糕,黃金亞麻籽粉 ,椰子細粉,Cream cheese,黃豆粉,酸奶油或奶克,帶皮杏仁粉,無糖優格,赤藻醣醇,雞蛋,香草精,鮮奶油,奶油,吉利丁,檸檬汁,NULL,NULL,NULL,NULL,NULL
雞胸親子丼,雞胸肉,洋蔥,鴻禧菇,蔥花,醬油：味霖：米酒,蛋,匈牙利辣椒粉,NULL,NULL,NULL,NULL,NULL,NULL,NULL,NULL,NULL,NULL,NULL,NULL
免油炸地瓜薯條 減肥瘦身 快速完成,地瓜 sweet potato,橄欖油 olive oil,黑胡椒,大漠孜然風味料,孜然粉cumin powder,鹽巴 salt,NULL,NULL,NULL,NULL,NULL,NULL,NULL,NULL,NULL,NULL,NULL,NULL,NULL
低脂便當菜《香煎蔥燒嫩雞胸》,雞胸肉2小塊,青蔥,鹽,山葵胡椒粉,黑胡椒粉,水,NULL,NULL,NULL,NULL,NULL,NULL,NULL,NULL,NULL,NULL,NULL,NULL,NULL
《雞肉蝦仁花花煎餃》,雞胸肉,蝦仁,鹽,白芝麻,香油,芹菜梗,紅椒粉,義大利綜合香料,NULL,NULL,NULL,NULL,NULL,NULL,NULL,NULL,NULL,NULL,NULL
低脂便當菜《迷迭香蝦仁》,蝦仁,蒜頭,米酒,新鮮迷迭香葉,海鹽,義大利綜合香料,匈牙利紅椒粉,食用油,NULL,NULL,NULL,NULL,NULL,NULL,NULL,NULL,NULL,NULL,NULL
便利商店減肥餐-鮪魚營養沙拉,洋芋沙拉,水煮鮪魚罐頭,和風醬,NULL,NULL,NULL,NULL,NULL,NULL,NULL,NULL,NULL,NULL,NULL,NULL,NULL,NULL,NULL,NULL
黑胡椒青椒秀珍菇 減肥瘦身 快速簡單,青椒,秀珍菇,黑胡椒,鹽巴,NULL,NULL,NULL,NULL,NULL,NULL,NULL,NULL,NULL,NULL,NULL,NULL,NULL,NULL,NULL
健康低醣 野菇水煮蛋溫沙拉,四季豆,玉米筍,小番茄,杏鮑菇,雞蛋,生菜,沙拉醬汁,NULL,NULL,NULL,NULL,NULL,NULL,NULL,NULL,NULL,NULL,NULL,NULL
【椰子芝麻脆餅】無奶油,低筋麵粉,麥片,椰子油,無糖豆漿,細糖,芝麻,鹽巴,NULL,NULL,NULL,NULL,NULL,NULL,NULL,NULL,NULL,NULL,NULL,NULL
麻辣雞絲,帶骨雞胸肉,青蔥,醬油膏,薑,辣油,米酒,楓糖/糖,冷開水,白醋,麻油/香油,NULL,NULL,NULL,NULL,NULL,NULL,NULL,NULL,NULL
檸檬香烤雞胸肉 減肥瘦身餐 簡易快速,雞胸肉,醬油,味霖,米酒,黑胡椒,義大利香料粉,檸檬,NULL,NULL,NULL,NULL,NULL,NULL,NULL,NULL,NULL,NULL,NULL,NULL
韓式甜椒炒雞胸【低卡瘦身】,雞胸肉,紅甜椒,韓國辣椒粉,黃甜椒,鹽,洋蔥,胡椒,牛奶,蒜末,NULL,NULL,NULL,NULL,NULL,NULL,NULL,NULL,NULL,NULL
低脂友善食譜-非油炸。炸蝦便當,國產白蝦,雞里肌肉,草莓,玄米油,蘆筍,綺麗低脂油,胡椒,洋菇,全麥餅乾碎片,NULL,NULL,NULL,NULL,NULL,NULL,NULL,NULL,NULL,NULL
簡單料理-輕食減肥海鮮沙拉,萵苣,海鮮,番茄,洋蔥,花椰菜,優格,NULL,NULL,NULL,NULL,NULL,NULL,NULL,NULL,NULL,NULL,NULL,NULL,NULL
五彩雞丁,雞里肌肉,小型三色彩椒,醬油,四季豆,米酒,黑胡椒,油,NULL,NULL,NULL,NULL,NULL,NULL,NULL,NULL,NULL,NULL,NULL,NULL
五彩雞丁,雞里肌肉,小型三色彩椒,醬油,四季豆,米酒,黑胡椒,油,NULL,NULL,NULL,NULL,NULL,NULL,NULL,NULL,NULL,NULL,NULL,NULL
全麥蜂蜜司康＿無油高纖,全麥麵粉,太白粉,小麥胚芽,泡打粉,鹽,雞蛋,牛奶,蜂蜜,白芝麻,NULL,NULL,NULL,NULL,NULL,NULL,NULL,NULL,NULL,NULL
雞腿肉炒鮮蔬,去骨雞腿肉,蛋,洋蔥,蒜末,蘆筍,胡椒粉,綠花椰菜,醬油,甜椒,秀珍菇,NULL,NULL,NULL,NULL,NULL,NULL,NULL,NULL,NULL
【瘦身料理】地瓜濃湯,地瓜,牛奶,鹽,洋蔥,黑胡椒,胡蘿蔔,NULL,NULL,NULL,NULL,NULL,NULL,NULL,NULL,NULL,NULL,NULL,NULL,NULL
昆布玉米冬瓜排骨湯【低卡】,排骨,玉米,海鹽,冬瓜,鮮味炒手,嫩薑,昆布,NULL,NULL,NULL,NULL,NULL,NULL,NULL,NULL,NULL,NULL,NULL,NULL
高纖低卡 楓糖燕麥脆餅,無鹽奶油,砂糖,雞蛋,香草精,楓糖漿,大燕麥片,中筋麵粉,泡打粉,鹽,NULL,NULL,NULL,NULL,NULL,NULL,NULL,NULL,NULL,NULL
低脂便當菜《香菜雞胸肉餅便當》,雞胸肉,板豆腐,鹽,香菜,黑胡椒,雞蛋,香油,七味粉,醬油膏,NULL,NULL,NULL,NULL,NULL,NULL,NULL,NULL,NULL,NULL
瘦身洛神花茶,洛神花,冰糖,蜂蜜,NULL,NULL,NULL,NULL,NULL,NULL,NULL,NULL,NULL,NULL,NULL,NULL,NULL,NULL,NULL,NULL
香烤味噌雞腿排,雞腿片,味噌,糖,酒,水,NULL,NULL,NULL,NULL,NULL,NULL,NULL,NULL,NULL,NULL,NULL,NULL,NULL,NULL
減脂便當菜—雞肉豆腐排,雞胸肉,板豆腐,醬油膏,蛋,香油,黑胡椒,鹽,NULL,NULL,NULL,NULL,NULL,NULL,NULL,NULL,NULL,NULL,NULL,NULL
普羅旺斯燉蔬菜,綠櫛瓜,黃櫛瓜,紅甜椒,茄子,洋蔥,DOMO單紅柄零重力深炒平底鍋,番茄,西洋芹,法國magimix食物處理機,橄欖油,蒜頭,LE CREUSET鑄鐵鍋,番茄糊,迷迭香,百里香,羅勒,綜合乾燥香草,鹽,香料共和國黑胡椒
蘆筍炒蘑菇片,細蘆筍,蘑菇,辣椒片,蒜末,鹽,魚露,米酒,NULL,NULL,NULL,NULL,NULL,NULL,NULL,NULL,NULL,NULL,NULL,NULL
夏日食蔬雞肉料理,雞肉,玉米筍,紅彩椒,蒜頭,蒜油（沒蒜油就蒜頭六瓣,鹽,NULL,NULL,NULL,NULL,NULL,NULL,NULL,NULL,NULL,NULL,NULL,NULL,NULL
【炒泡菜什錦蒟蒻麵】瘦身也能美味吃。,雞胸肉,高麗菜,醬油膏,黑木耳,辣椒粉,玉米筍,紅蘿蔔,韓國泡菜,NULL,NULL,NULL,NULL,NULL,NULL,NULL,NULL,NULL,NULL,NULL
涼拌泰式蝦仁粉絲,蝦子,冬粉,青蔥,洋蔥,薑片,魚露,黃甜椒,米酒,檸檬汁,蒜末,辣椒,九層塔,NULL,NULL,NULL,NULL,NULL,NULL,NULL
清爽便當菜《鳳梨洋蔥燒肉》,火鍋肉片,洋蔥,醬油,鳳梨,味醂,蔥花,米酒,魚露,蒜頭,NULL,NULL,NULL,NULL,NULL,NULL,NULL,NULL,NULL,NULL
涼拌豆芽菜,豆芽菜,薄鹽醬油,味霖,香油或麻油,七味粉和辣椒粉,烏醋和白醋,蒜末或蒜泥,NULL,NULL,NULL,NULL,NULL,NULL,NULL,NULL,NULL,NULL,NULL,NULL
夏日涼伴。黃豆芽,黃豆芽,辣椒,蒜末,鹽,黑胡椒,雞高湯,NULL,NULL,NULL,NULL,NULL,NULL,NULL,NULL,NULL,NULL,NULL,NULL,NULL
照燒豆腐漢堡排,豬絞肉,板豆腐,鹽巴,青蔥切碎,日式照燒烤肉醬,蛋白,洋蔥切碎,NULL,NULL,NULL,NULL,NULL,NULL,NULL,NULL,NULL,NULL,NULL,NULL
[川味涼拌雞絲]雞胸肉不柴的撇步,雞胸肉,小黃瓜,香油,香菜,醬油,青蔥,醬油膏,蒜頭,鹽,紅辣椒,醋,糖,花椒油,辣椒油,NULL,NULL,NULL,NULL,NULL
我的美味餐食《紅蘿蔔馬鈴薯泥起司球餐食》,紅蘿蔔,馬鈴薯,雞胸肉,起司,花椰菜,NULL,NULL,NULL,NULL,NULL,NULL,NULL,NULL,NULL,NULL,NULL,NULL,NULL,NULL
骰子鯛魚豆腐【低醣】,鯛魚片,雞蛋豆腐,醬油,蔥,米酒,七味唐辛子,NULL,NULL,NULL,NULL,NULL,NULL,NULL,NULL,NULL,NULL,NULL,NULL,NULL
低卡~秋葵雞胸卷,雞胸肉,鹽,秋葵,NULL,NULL,NULL,NULL,NULL,NULL,NULL,NULL,NULL,NULL,NULL,NULL,NULL,NULL,NULL,NULL
涼拌青木瓜絲,青木瓜,小番茄,OXO蔬果削鉛筆機,檸檬,蒜,香菜,蝦米,熟花生,魚露,糖,NULL,NULL,NULL,NULL,NULL,NULL,NULL,NULL,NULL
低卡食譜-雞肉珍珠丸,長糯米,雞胸肉,醬油,麻油,米酒,蔥末,薑末,蒜末,雞蛋,NULL,NULL,NULL,NULL,NULL,NULL,NULL,NULL,NULL,NULL
我的美味餐食《偽炸雞》,雞胸肉,無糖麥片,西洋芹,碗豆莢,馬鈴薯,NULL,NULL,NULL,NULL,NULL,NULL,NULL,NULL,NULL,NULL,NULL,NULL,NULL,NULL
【湯品】低卡甜點・蓮子銀耳湯,蓮子,紅棗,白木耳,枸杞,冰糖,NULL,NULL,NULL,NULL,NULL,NULL,NULL,NULL,NULL,NULL,NULL,NULL,NULL,NULL
脆脆清甜鮮蔬炒水蓮,水蓮,紅甜椒,黃甜椒,鴻禧菇,橄欖油,蒜仁,開水,鹽巴,蒜味黑胡椒,NULL,NULL,NULL,NULL,NULL,NULL,NULL,NULL,NULL,NULL
紫蘇豬肉捲,梅花豬肉片,紫蘇葉,小黃瓜,豆苗,洋蔥絲,薑,柚子醬油,糖,NULL,NULL,NULL,NULL,NULL,NULL,NULL,NULL,NULL,NULL,NULL
味增烤雞，高蛋白減肥餐,去骨雞腿肉,洋蔥,味增,醬油,NULL,NULL,NULL,NULL,NULL,NULL,NULL,NULL,NULL,NULL,NULL,NULL,NULL,NULL,NULL
高蛋白「蛋炒雞胸菜糙米飯」470卡,去皮生雞胸肉,球芽甘藍,蛋,沙茶醬,油,藜麥糙米飯,NULL,NULL,NULL,NULL,NULL,NULL,NULL,NULL,NULL,NULL,NULL,NULL,NULL
滑蛋鯛魚,鯛魚,雞蛋,醬油,洋蔥,NULL,NULL,NULL,NULL,NULL,NULL,NULL,NULL,NULL,NULL,NULL,NULL,NULL,NULL,NULL
綠竹筍醬燒雞小腿,雞小腿,熟綠竹筍,香菇素蠔油,蔥段,醬油,蒜頭,白胡椒粉,薑片,鹽巴,紅蘿蔔,米酒,NULL,NULL,NULL,NULL,NULL,NULL,NULL,NULL
低卡簡單~燻鮭魚起司蘑菇筆管麵(影片),筆管麵,蘑菇,綠花椰菜,燻鮭魚,蘑菇濃湯湯粉,牛奶,pizza起司,NULL,NULL,NULL,NULL,NULL,NULL,NULL,NULL,NULL,NULL,NULL,NULL
低卡小菜-涼拌牛蒡絲,牛蒡,黑芝麻,白醋,白芝麻,味霖,香油,砂糖,鹽,NULL,NULL,NULL,NULL,NULL,NULL,NULL,NULL,NULL,NULL,NULL
【消暑去水腫】冬瓜薏仁湯,冬瓜,生薏仁,熟薏仁,腰果,水,NULL,NULL,NULL,NULL,NULL,NULL,NULL,NULL,NULL,NULL,NULL,NULL,NULL,NULL
低卡瘦身餐@《雞蛋萵苣沙拉》,結球萵苣,雞蛋,橄欖油,小黃瓜,白醋,番茄,柳丁汁,彩椒,黃芥末,蒜末,鹽,黑胡椒,NULL,NULL,NULL,NULL,NULL,NULL,NULL
低碳水涼拌菜-雞絲白菜,雞胸肉,大白菜,香菜,蒜頭,辣椒,無添加醬油,無糖蘋果醋,天然的代糖,NULL,NULL,NULL,NULL,NULL,NULL,NULL,NULL,NULL,NULL,NULL
低脂獅子頭。豆渣獅子頭,豬絞肉,濕黃豆渣,鹽巴,醬油,紹興酒,薑泥,白胡椒粉,太白粉,雞蛋,NULL,NULL,NULL,NULL,NULL,NULL,NULL,NULL,NULL,NULL
蒜味鮮蔬煨大黃瓜一超簡單,大黃瓜切薄片,紅蘿蔔片,香菇切片,青蔥段,玉米筍對半斜切,蒜粒,鹽,食用油,開水,NULL,NULL,NULL,NULL,NULL,NULL,NULL,NULL,NULL,NULL
減脂便當菜-雙菇燴豆干,白豆干,木耳,香菇,金針菇,蔥,紅蘿蔔,醬油,油,水,香油,NULL,NULL,NULL,NULL,NULL,NULL,NULL,NULL,NULL
泰式綠咖哩花椰菜濃湯＿低醣南洋味,洋蔥,大蒜,薑,綠咖哩粉,青花椰菜,雞湯,魚露,九層塔,椰奶,NULL,NULL,NULL,NULL,NULL,NULL,NULL,NULL,NULL,NULL
雞胸蔬菜餅，烤箱減肥餐（影片）,雞胸,高麗菜,雞蛋,NULL,NULL,NULL,NULL,NULL,NULL,NULL,NULL,NULL,NULL,NULL,NULL,NULL,NULL,NULL,NULL
低卡簡單~蒜炒白酒牡蠣菠菜義大利麵,義大利麵,菠菜泥,蘑菇,牡蠣,蒜頭,白酒,蒜粉,NULL,NULL,NULL,NULL,NULL,NULL,NULL,NULL,NULL,NULL,NULL,NULL
五彩鮮蔬墨西哥捲【低油高纖便當早餐點心】,墨西哥玉米餅皮,海苔,燙熟放涼黃秋葵,燙熟放涼玉米筍,紅蘿蔔絲,高麗菜絲,起司片,蛋皮或蛋皮絲,NULL,NULL,NULL,NULL,NULL,NULL,NULL,NULL,NULL,NULL,NULL
低卡豆腐大阪燒,豆腐,高麗菜,蝦仁,胡椒粉,雞蛋,柴魚片,油,小磨坊紫蘇風味料,美乃滋,中濃醋醬,太白粉,鹽巴,NULL,NULL,NULL,NULL,NULL,NULL,NULL
便當菜—金針炒白菜,蒜頭,辣椒,小白菜,金針菇,高湯,NULL,NULL,NULL,NULL,NULL,NULL,NULL,NULL,NULL,NULL,NULL,NULL,NULL,NULL
低卡素食滷味,白蘿蔔,蒟蒻,豆輪,八角,醬油,醬油膏,細砂糖,水,NULL,NULL,NULL,NULL,NULL,NULL,NULL,NULL,NULL,NULL,NULL
低卡簡單~番茄洋蔥海鮮燉飯(影片),生米,牛番茄,綜合海鮮,洋蔥,綠花耶菜,牛奶,蕃茄濃湯湯粉,pizza起司,NULL,NULL,NULL,NULL,NULL,NULL,NULL,NULL,NULL,NULL,NULL
蝦仁豆腐蒸蛋,嫩豆腐,雞蛋,海鹽,水,味琳,蝦仁,醬油,蔥,NULL,NULL,NULL,NULL,NULL,NULL,NULL,NULL,NULL,NULL,NULL
【影片】越南米紙卷【老娘的草根飯堂】,米紙,鮮蝦,魚露,芒果 ／1個,青檸汁,小青瓜,白醋,甘筍,水,米粉,椰糖,薄荷葉 ,蒜蓉,九層塔 ,指天椒 ,NULL,NULL,NULL,NULL
泰式涼拌花枝涼拌透抽～低油低醣開胃涼拌菜,花枝圈,香菜,泰式甜辣醬,洋蔥,魚露,檸檬切薄片,檸檬汁,檸檬汁,NULL,NULL,NULL,NULL,NULL,NULL,NULL,NULL,NULL,NULL,NULL
【瘦身高纖】芋頭燕麥粥 超飽足早餐食譜,芋頭,燕麥,牛奶,NULL,NULL,NULL,NULL,NULL,NULL,NULL,NULL,NULL,NULL,NULL,NULL,NULL,NULL,NULL,NULL
健康隔夜燕麥Overnight Oats,燕麥片,優格,奇亞籽,蜂蜜,牛奶,NULL,NULL,NULL,NULL,NULL,NULL,NULL,NULL,NULL,NULL,NULL,NULL,NULL,NULL
酒香干貝炒蘆筍,蘆筍,甜椒,生干貝,米酒,鹽巴,胡椒粉,NULL,NULL,NULL,NULL,NULL,NULL,NULL,NULL,NULL,NULL,NULL,NULL,NULL
清爽版蒜泥白肉~簡單快速!,小黃瓜,梅花豬火鍋肉片,大蒜,芝麻,醬油/味霖 各,NULL,NULL,NULL,NULL,NULL,NULL,NULL,NULL,NULL,NULL,NULL,NULL,NULL,NULL
野菇雞肉溫沙拉,雞胸肉：,鹽麴：,紅蔥頭：,白酒：,蘑菇：,鴻喜菇：,豆苗：,烤松子：,麵粉：,奶油：,小黃瓜薄片：,蘿蔓：,牛奶：,開水：,紅蘿蔔條：,白蘿蔔條：,鹽：,黑胡椒：,伍斯特醬：
涼拌木耳雞絲【低卡瘦身】,雞胸肉,木耳,醬油,醋,檸檬汁,NULL,NULL,NULL,NULL,NULL,NULL,NULL,NULL,NULL,NULL,NULL,NULL,NULL,NULL
奶燉雞胸肉【高蛋白減肥餐】(影片),雞胸肉,低脂牛奶,花椰菜,洋蔥,NULL,NULL,NULL,NULL,NULL,NULL,NULL,NULL,NULL,NULL,NULL,NULL,NULL,NULL,NULL
清炒白酒蛤蜊雞肉義大利麵,蛤蜊,雞胸肉,海鹽,洋蔥,黑胡椒,大蒜,白酒,辣椒,蘑菇,紅椒,九層塔,NULL,NULL,NULL,NULL,NULL,NULL,NULL,NULL
[深夜食堂]日式馬鈴薯沙拉（低卡瘦身版）,馬鈴薯,玉米,蘋果,青瓜,西洋芹,優格,鹽,黑胡椒,牛奶,NULL,NULL,NULL,NULL,NULL,NULL,NULL,NULL,NULL,NULL
洋蔥炒肉絲【低卡瘦身】,洋蔥,豬里肌肉,黑胡椒,鹽,NULL,NULL,NULL,NULL,NULL,NULL,NULL,NULL,NULL,NULL,NULL,NULL,NULL,NULL,NULL
木耳蔥花炒蛋 無油炒水蛋 低卡早餐,雞蛋,蔥,木耳切碎,鹽,高湯,NULL,NULL,NULL,NULL,NULL,NULL,NULL,NULL,NULL,NULL,NULL,NULL,NULL,NULL
絲瓜燴金針菇,絲瓜,金針菇,鹽巴,水,洋蔥,NULL,NULL,NULL,NULL,NULL,NULL,NULL,NULL,NULL,NULL,NULL,NULL,NULL,NULL
無油和風醬油清蒸杏鮑菇 減肥低卡料理,杏鮑菇,和風醬油,烏醋,七味粉,NULL,NULL,NULL,NULL,NULL,NULL,NULL,NULL,NULL,NULL,NULL,NULL,NULL,NULL,NULL
蔥蛋中卷，高蛋白減肥餐（影片）,中卷,雞蛋,青蔥,檸檬汁,NULL,NULL,NULL,NULL,NULL,NULL,NULL,NULL,NULL,NULL,NULL,NULL,NULL,NULL,NULL
蓮藕半熟蛋沙拉,蓮藕,雞蛋,橄欖油,沙拉用生菜,意大利醋,蜜糖,鹽,NULL,NULL,NULL,NULL,NULL,NULL,NULL,NULL,NULL,NULL,NULL,NULL
清蒸鯛魚豆腐（電鍋）,鯛魚片,豆腐,味醂,醬油,米酒,薑絲,蔥絲,鹽,NULL,NULL,NULL,NULL,NULL,NULL,NULL,NULL,NULL,NULL,NULL
鹹水雞,去骨雞腿或帶骨雞腿,玉米筍,黑胡椒粉或粗粒,秋葵,白胡椒粉,杏鮑菇,鹽,蘋果,香油,蔥,薑,蒜,NULL,NULL,NULL,NULL,NULL,NULL,NULL
偽玉米蛋炒飯,花椰菜米,玉米粒,海鹽,雞蛋,白胡椒粉,蒜頭,NULL,NULL,NULL,NULL,NULL,NULL,NULL,NULL,NULL,NULL,NULL,NULL,NULL
野菜豬肉捲（影片）,豬里肌火鍋肉片,胡蘿蔔,鹽,杏鮑菇,胡椒,青蔥,NULL,NULL,NULL,NULL,NULL,NULL,NULL,NULL,NULL,NULL,NULL,NULL,NULL
義式風味香煎雞柳肉片,雞柳條,花椰菜,鹽麴,沙拉油,薄鹽醬油,番紅花香料粉,香油,米酒,味霖,NULL,NULL,NULL,NULL,NULL,NULL,NULL,NULL,NULL,NULL
檸檬鯛魚片，泰式減肥餐,鯛魚片,檸檬,醬油,辣椒,蔥,黑胡椒,NULL,NULL,NULL,NULL,NULL,NULL,NULL,NULL,NULL,NULL,NULL,NULL,NULL
藍莓香蕉優格杯杯,香蕉,藍莓,鹹味蘇打餅,無糖優格,蜂蜜,NULL,NULL,NULL,NULL,NULL,NULL,NULL,NULL,NULL,NULL,NULL,NULL,NULL,NULL
（養生 美顏 瘦身）涼拌黑木耳高麗菜,乾黑木耳,椰菜,麻油,醬油,辣椒,大蒜,白芝麻,NULL,NULL,NULL,NULL,NULL,NULL,NULL,NULL,NULL,NULL,NULL,NULL
無油和風醬油燒金針菇 小菜 減肥餐,金針菇,醬油,味霖,砂糖,紅辣椒,NULL,NULL,NULL,NULL,NULL,NULL,NULL,NULL,NULL,NULL,NULL,NULL,NULL,NULL
奶燉馬鈴薯【瘦身食譜】-飽足感UP,馬鈴薯,胡蘿蔔,黑胡椒,洋蔥,鹽,牛奶,NULL,NULL,NULL,NULL,NULL,NULL,NULL,NULL,NULL,NULL,NULL,NULL,NULL
地瓜冰棒「輕食、健康、瘦身」,地瓜,NULL,NULL,NULL,NULL,NULL,NULL,NULL,NULL,NULL,NULL,NULL,NULL,NULL,NULL,NULL,NULL,NULL,NULL
美白瘦身-奇異果香蕉優格,奇異果,香蕉,冰塊,原味優格,蜂蜜,NULL,NULL,NULL,NULL,NULL,NULL,NULL,NULL,NULL,NULL,NULL,NULL,NULL,NULL
紙包時蔬雞肉捲 低卡超健康,雞胸肉,蔬菜,鹽,黑/白胡椒,橄欖油,酒,NULL,NULL,NULL,NULL,NULL,NULL,NULL,NULL,NULL,NULL,NULL,NULL,NULL
韓式海帶湯,乾海帶芽,芝麻油,LE CREUSET鑄鐵鍋,牛肉片,水,蒜泥,川露薄鹽 醬汁醬油,鹽,NULL,NULL,NULL,NULL,NULL,NULL,NULL,NULL,NULL,NULL,NULL
【健康瘦身】彩椒鮪魚燕麥粥,紅椒,黃椒,燕麥片,鮪魚罐頭,起司片,NULL,NULL,NULL,NULL,NULL,NULL,NULL,NULL,NULL,NULL,NULL,NULL,NULL,NULL
蕃茄牛肉瘦身鍋,大蕃茄,洋蔥,葉菜類,紅蘿蔔,牛肉片,水,白雪菇,白蘿蔔,南瓜,雞蛋,NULL,NULL,NULL,NULL,NULL,NULL,NULL,NULL,NULL
低卡鹽水雞胸拌黃瓜,雞胸肉,小黃瓜,薑片,蔥花,蒜頭,胡椒鹽,蔥,香油,鹽,雞粉,白胡椒粉,NULL,NULL,NULL,NULL,NULL,NULL,NULL,NULL
蘋果雞丁【低卡瘦身】-酸酸甜甜好滋味,雞胸肉,蘋果,白醋,糖,NULL,NULL,NULL,NULL,NULL,NULL,NULL,NULL,NULL,NULL,NULL,NULL,NULL,NULL,NULL
小廚娘❤四季豆佐蛋沙拉＃電鍋,四季豆,雞蛋,橄欖油,美乃滋,鹽,NULL,NULL,NULL,NULL,NULL,NULL,NULL,NULL,NULL,NULL,NULL,NULL,NULL,NULL
瘦身食譜－番茄奶酪沙拉,食材,中等大小番茄,水牛奶酪,生菜,調料,橄欖油,米醋,檸檬,大蒜,紅糖,海鹽,黑胡椒碎,NULL,NULL,NULL,NULL,NULL,NULL,NULL
秋葵金菇豬肉捲～ 低卡清蒸減重輕食餐,豬肉片,黃秋葵,豌豆莢,米酒,NULL,NULL,NULL,NULL,NULL,NULL,NULL,NULL,NULL,NULL,NULL,NULL,NULL,NULL,NULL
仲夏美顏金桔柚香白玉鮮蝦,鮮蝦仁,蟹肉,葡萄柚,苦瓜,檸檬,黑木耳,客家金桔醬,鳳梨 番茄,細砂糖,三色豆,鹽巴,辣椒末,蒜末,NULL,NULL,NULL,NULL,NULL,NULL
烤鮭魚 「輕食、健康、瘦身」,鮭魚,鹽,粗粒黑胡椒粉,NULL,NULL,NULL,NULL,NULL,NULL,NULL,NULL,NULL,NULL,NULL,NULL,NULL,NULL,NULL,NULL
蔥蛋夾心地瓜，5分鐘減肥餐（影片）,地瓜,雞蛋,鹽,蔥,胡椒,NULL,NULL,NULL,NULL,NULL,NULL,NULL,NULL,NULL,NULL,NULL,NULL,NULL,NULL
健康低卡雞肉沙拉,雞胸,沙拉菜,橄欖油,果仁碎,義大利黑醋,石榴,檸檬汁,NULL,NULL,NULL,NULL,NULL,NULL,NULL,NULL,NULL,NULL,NULL,NULL
玉米豆腐雞肉丸★低脂護眼肉丸子,雞胸絞肉,家常豆腐,玉米粒,鹽,黑胡椒粒,NULL,NULL,NULL,NULL,NULL,NULL,NULL,NULL,NULL,NULL,NULL,NULL,NULL,NULL
【瘦身必備！】番茄鮪魚燕麥咸粥,番茄,鮪魚罐頭,洋蔥,蘑菇,蒜末,燕麥片,NULL,NULL,NULL,NULL,NULL,NULL,NULL,NULL,NULL,NULL,NULL,NULL,NULL
【瘦身必備！】鮭魚麥片鹹粥,鮭魚,麥片,四季豆,蕃茄,蓮藕,雞蛋,蔥花,NULL,NULL,NULL,NULL,NULL,NULL,NULL,NULL,NULL,NULL,NULL,NULL
香蕉燕麥餅乾「輕食、健康、瘦身」,燕麥,熟透香蕉,葡萄乾,NULL,NULL,NULL,NULL,NULL,NULL,NULL,NULL,NULL,NULL,NULL,NULL,NULL,NULL,NULL,NULL
優格冰淇淋 「輕食、健康、瘦身」,原味優格,NULL,NULL,NULL,NULL,NULL,NULL,NULL,NULL,NULL,NULL,NULL,NULL,NULL,NULL,NULL,NULL,NULL,NULL
茶燻雞胸肉 「輕食、健康、瘦身」,雞胸,醬油,鋁箔紙,糊椒粉,茶葉,米,麵粉,糖,NULL,NULL,NULL,NULL,NULL,NULL,NULL,NULL,NULL,NULL,NULL
蔬菜肉捲,牛肉里肌火鍋肉片,紅蘿蔔,米酒,青蔥,醬油,番茄,味醂,砂糖,NULL,NULL,NULL,NULL,NULL,NULL,NULL,NULL,NULL,NULL,NULL
十穀咖哩飯,十穀飯,紅黃甜椒,雞胸肉,三色豆,香菇,腰果,咖哩粉,橄欖油,鹽巴,白胡椒粉,NULL,NULL,NULL,NULL,NULL,NULL,NULL,NULL,NULL
日式鮭魚定食,鮭魚,高麗菜絲,味增,金桔,海帶芽絲,昆布高湯,洋蔥絲,蔥花,雞蛋,豆腐,鮮蝦,十穀米,魚板,昆布醬油,蛤勵,香菇,NULL,NULL,NULL
鹽漬檸檬雞肉火腿沙拉 低卡好健康,雞胸肉,蔬菜,鹽漬檸檬汁,水果,糖,NULL,NULL,NULL,NULL,NULL,NULL,NULL,NULL,NULL,NULL,NULL,NULL,NULL,NULL
免炸香酥雞,雞胸肉,清水,牛奶,中筋麵粉,鹽,雞蛋,黑胡椒粉,麵包粉,香蒜粉,NULL,NULL,NULL,NULL,NULL,NULL,NULL,NULL,NULL,NULL
海蔬雙鮮牛奶鍋,低脂鮮奶,五穀粉或薏仁粉,洋蔥,豬肉片,各式海鮮,各式鮮菇類,各式蔬菜類,豆腐,鹽巴,橄欖油,NULL,NULL,NULL,NULL,NULL,NULL,NULL,NULL,NULL
七日瘦身湯(巫婆湯),洋蔥,青椒,芹菜,青蔥,高麗菜,大蕃茄,水,薑絲,蒜片,辣椒絲,香油,NULL,NULL,NULL,NULL,NULL,NULL,NULL,NULL
檸檬烤雞親子卷,去骨雞腿肉2支,蛋,檸檬皮,紅蘿蔔末,檸檬汁,青蔥末,醬油,鹽,味醂,黑胡椒,清酒,NULL,NULL,NULL,NULL,NULL,NULL,NULL,NULL
翻轉鳳梨嫩雞堡&烤薯條,穀物麵包,鹽巴,鳳梨,雞肉,生菜,番茄,紫洋蔥,NULL,NULL,NULL,NULL,NULL,NULL,NULL,NULL,NULL,NULL,NULL,NULL
暖身排毒瘦身黑糖薑檸檬,檸檬,黑糖,薑,玻璃瓶,小蘇打粉,鹽,NULL,NULL,NULL,NULL,NULL,NULL,NULL,NULL,NULL,NULL,NULL,NULL,NULL
甜心優格沙拉 「輕食、健康、瘦身」,紅蘿蔔,小黃瓜,玉米,小蘋果,優格,NULL,NULL,NULL,NULL,NULL,NULL,NULL,NULL,NULL,NULL,NULL,NULL,NULL,NULL
優格水果沙拉 「輕食、健康、瘦身」,優格,大陸妹,奇異果,小番茄,蘋果,鳳梨,巴拉,NULL,NULL,NULL,NULL,NULL,NULL,NULL,NULL,NULL,NULL,NULL,NULL
馬鈴薯炒金針菇（影片）,馬鈴薯,金針菇,蔥,醬油,NULL,NULL,NULL,NULL,NULL,NULL,NULL,NULL,NULL,NULL,NULL,NULL,NULL,NULL,NULL
泰式涼拌雞胸肉 「輕食、健康、瘦身」,雞胸肉,番茄,檸檬,芹菜,辣椒,小黃瓜,泰式醃蒜頭水,紅蘿蔔切絲,泰式魚露,繳肉,沙糖,大蒜,NULL,NULL,NULL,NULL,NULL,NULL,NULL
Mimi♥雞胸肉沙拉◎電鍋瘦身料理,雞胸肉,綜合沙拉葉,冷壓初榨橄欖油,小蕃茄,海鹽,牛奶,月桂葉,迷迭香,黑胡椒粒,NULL,NULL,NULL,NULL,NULL,NULL,NULL,NULL,NULL,NULL
蒜油熱拌香菜雞胸一超簡單，低脂料理,無骨雞胸肉,香菜,蒜頭,油,鹽,味霖,NULL,NULL,NULL,NULL,NULL,NULL,NULL,NULL,NULL,NULL,NULL,NULL,NULL
【豆腐豆皮壽司】瘦身食譜大公開,凍豆腐,碗豆苗,醋,豆皮,蜂蜜,高湯,鹽,醬油,味醂,NULL,NULL,NULL,NULL,NULL,NULL,NULL,NULL,NULL,NULL
【黑魔法飽足瘦身料理】台版雞肉濃湯,小乾黑木耳,切好的土雞肉,洋蔥,綠色花椰菜,大蒜,果汁機,牛番茄,辣椒,料理米酒,鹽,NULL,NULL,NULL,NULL,NULL,NULL,NULL,NULL,NULL
土瓶蒸+紫蘇梅飯糰,柴魚昆布高湯,鮮蝦,紫蘇葉,蛤蠣,十穀米,松茸菇or菇類,紫蘇梅,蘆筍,胡蘿蔔,檸檬,NULL,NULL,NULL,NULL,NULL,NULL,NULL,NULL,NULL
瘦身辣味牛蒡,材料,牛柳,牛蒡,青甜椒,紅甜椒,辣椒粉,蒜粒,葡萄籽油,醃料,生粉,豉油,橄欖油,糖,NULL,NULL,NULL,NULL,NULL,NULL
雜菌瘦身鍋,材料,鮮冬菇,草菇,金菇,蘑菇,雞脾菇,紅蘿蔔,西蘭花,瘦肉,無味精雞湯,水,薑,葡萄籽油,惹味粉,鹽,NULL,NULL,NULL,NULL
減重食譜-馬鈴薯鮭魚酪梨捲,馬鈴薯,雞蛋,酪梨,Ikea燻鮭魚,檸檬,小黃瓜,橄欖油,鹽,NULL,NULL,NULL,NULL,NULL,NULL,NULL,NULL,NULL,NULL,NULL
【瘦身必備！】鮪魚韮菜燕麥鹹粥,鮪魚罐頭,麥片,韮菜,蓮藕,蒜粒,檸檬,NULL,NULL,NULL,NULL,NULL,NULL,NULL,NULL,NULL,NULL,NULL,NULL,NULL
超低卡番茄鮮魚湯,花椰菜,牛番茄,米酒,冷凍石斑魚塊,鹽巴,豆腐,干貝粉,薑絲,柴魚粉,青蔥,番茄醬,NULL,NULL,NULL,NULL,NULL,NULL,NULL,NULL
低卡蛤蜊蕎麥麵,蕎麥麵,蛤蜊,花椰菜,菇類,蔥絲,鹽巴,NULL,NULL,NULL,NULL,NULL,NULL,NULL,NULL,NULL,NULL,NULL,NULL,NULL
高麗菜煎餅【減肥料理】,高麗菜絲,低筋麵粉,雞蛋,鹽,NULL,NULL,NULL,NULL,NULL,NULL,NULL,NULL,NULL,NULL,NULL,NULL,NULL,NULL,NULL
海鮮烏龍豆乳鍋,無糖豆乳,鮮蝦,番茄,菇類,高麗菜,蛤蠣,鯛魚,烏龍麵,NULL,NULL,NULL,NULL,NULL,NULL,NULL,NULL,NULL,NULL,NULL
親子丼(15分鐘快速完成),米飯,雞胸肉,雞高湯,洋蔥,醬油,鴻喜菇,味醂,青蔥,雞蛋,魚板,海苔絲 七味粉,NULL,NULL,NULL,NULL,NULL,NULL,NULL,NULL
三色炒蔬食,毛豆,豆干,紅蘿蔔,蒜頭,鹽,糖,鰹魚粉,米酒,NULL,NULL,NULL,NULL,NULL,NULL,NULL,NULL,NULL,NULL,NULL
南瓜瘦身蒟蒻鍋,材料,南瓜,車厘茄,荷蘭豆,金菇,蒟蒻條,調味料,無味精雞湯,水,鹽,胡椒粉,豆瓣醬,NULL,NULL,NULL,NULL,NULL,NULL,NULL
【肉桂番茄餅】瘦身甜品食譜大公開,番茄,肉桂粉,黑砂糖,NULL,NULL,NULL,NULL,NULL,NULL,NULL,NULL,NULL,NULL,NULL,NULL,NULL,NULL,NULL,NULL
【蒲燒秋刀魚湯飯】瘦身食譜大公開,凍豆腐,蒲燒秋刀魚罐頭,高湯,鹽,碎海苔,蔥花,芥末,NULL,NULL,NULL,NULL,NULL,NULL,NULL,NULL,NULL,NULL,NULL,NULL
【低糖布朗尼】瘦身甜品食譜大公開,鬆餅粉,奶油,夏威夷火山豆,可可粉,豆渣,雞蛋,牛奶,沙拉油,NULL,NULL,NULL,NULL,NULL,NULL,NULL,NULL,NULL,NULL,NULL
低卡隔夜燕麥罐,綜合燕麥片,牛奶,可可粉,優格,櫻桃,椰子水,奇亞籽,芒果,奇異果,蘋果,酪梨,NULL,NULL,NULL,NULL,NULL,NULL,NULL,NULL
[瘦身]自製地中海超級方便檸檬醋羅勒烤魚,雕魚,鹽,胡椒,羅勒香料,檸檬,橄欖油,鋁箔紙,白醋,NULL,NULL,NULL,NULL,NULL,NULL,NULL,NULL,NULL,NULL,NULL
彩色雜菜煲~瘦身晚餐,蕃茄,娃娃菜,菠菜,薑片,脫脂魚湯,滾水,NULL,NULL,NULL,NULL,NULL,NULL,NULL,NULL,NULL,NULL,NULL,NULL,NULL
鮮蔬炒雞柳(15分鐘快速料理),芥蘭菜心,雞胸肉,鹽,新鮮香菇,太白粉,紅蘿蔔,米酒,豆苗,雞高湯,蒜末,NULL,NULL,NULL,NULL,NULL,NULL,NULL,NULL,NULL
燻鮭魚蔬果沙拉,原味優格,原味白芝麻醬,蜂蜜,檸檬汁,原味玉米片,煙燻鮭魚,水煮蛋,蔓越莓綜合果乾,各式鮮果,各式生菜,NULL,NULL,NULL,NULL,NULL,NULL,NULL,NULL,NULL
夏季涼爽健康瘦身食譜~酪梨鮮蝦芒果沙拉,酪梨,芒果,蝦仁,檸檬,鹽,黑胡椒,香菜,洋蔥,乾燥蘿勒,蜂蜜,辣椒,彩椒,NULL,NULL,NULL,NULL,NULL,NULL,NULL
清爽鮮蝦莎莎千層麵,番茄,番茄罐頭,黑胡椒,洋蔥,西洋芹,檸檬汁,月桂葉,九層塔,白蝦,海鹽,義大利千層麵,巴西里,初榨橄欖油,NULL,NULL,NULL,NULL,NULL,NULL
高麗菜雞肉炒飯,高麗菜,胡蘿蔔絲,醬油,雞蛋,蒜頭,白飯,米酒,雞里肌,太白粉,NULL,NULL,NULL,NULL,NULL,NULL,NULL,NULL,NULL,NULL
肉絲炒三絲,豬里肌肉片,筍絲,醬油,紅蘿蔔絲,白胡椒粉,黑木耳,麻油,青蔥,鹽,鰹魚淡醬油,NULL,NULL,NULL,NULL,NULL,NULL,NULL,NULL,NULL
低卡料理-蔥爆蘿蔔木耳絲,木耳,胡蘿蔔,青蔥,NULL,NULL,NULL,NULL,NULL,NULL,NULL,NULL,NULL,NULL,NULL,NULL,NULL,NULL,NULL,NULL
番茄豆腐味噌湯,盒裝豆腐,牛番茄,清水,青蔥,昆布,味噌,柴魚片,鴻喜菇,NULL,NULL,NULL,NULL,NULL,NULL,NULL,NULL,NULL,NULL,NULL
彩虹瘦身湯,排骨,有機芹菜,急凍有機粟米粒,紅蘿蔔,梨,洋蔥,番茄,蜜棗,薑,鹽,NULL,NULL,NULL,NULL,NULL,NULL,NULL,NULL,NULL
牛奶燕麥蔬菜粥,十穀米飯,即食燕麥片,低脂牛奶,三色綜合蔬菜,花椰菜,鹽巴,NULL,NULL,NULL,NULL,NULL,NULL,NULL,NULL,NULL,NULL,NULL,NULL,NULL
白菜豆腐煲,板豆腐,娃娃菜,洋蔥,蒜末,清水,鹽,醬油,太白粉水,胡椒粉,辣椒絲,NULL,NULL,NULL,NULL,NULL,NULL,NULL,NULL,NULL
通便瘦身湯,瘦肉,山楂乾,決明子,薑,糖,鹽,水,NULL,NULL,NULL,NULL,NULL,NULL,NULL,NULL,NULL,NULL,NULL,NULL
南瓜瘦身蒟蒻鍋,小南瓜,櫻桃茄,荷蘭豆,金菇,蒟蒻條,無味精雞湯,水,鹽,胡椒粉,豆瓣醬,NULL,NULL,NULL,NULL,NULL,NULL,NULL,NULL,NULL
瘦身淡斑養顏飲-蜂蜜生薑茶,生薑末,100%純天然蜂蜜,熱水,NULL,NULL,NULL,NULL,NULL,NULL,NULL,NULL,NULL,NULL,NULL,NULL,NULL,NULL,NULL,NULL
獼猴桃酵素營養飲料（美白瘦身）,獼猴桃,白糖,純淨水,NULL,NULL,NULL,NULL,NULL,NULL,NULL,NULL,NULL,NULL,NULL,NULL,NULL,NULL,NULL,NULL
白醬蘑菇海鮮義大利麵(無奶油),義大利麵,低脂鮮奶,蘑菇,各式海鮮,粗黑胡椒粉,橄欖油,"蒜片,與蒜粒",海鹽,NULL,NULL,NULL,NULL,NULL,NULL,NULL,NULL,NULL,NULL,NULL
地瓜飯糰,白米,清水,葵遙甘薯,鹽,柴魚香鬆,海苔片,NULL,NULL,NULL,NULL,NULL,NULL,NULL,NULL,NULL,NULL,NULL,NULL,NULL
菇菇涼拌豆腐,盒裝豆腐,鴻喜菇,醬油,牛番茄,味醂,花椰菜,白醋,蒜末,NULL,NULL,NULL,NULL,NULL,NULL,NULL,NULL,NULL,NULL,NULL
【 夏日瘦身美顏湯 】,高麗菜,洋蔥,蕃茄,芹菜,青椒,紅蘿蔔,調味:雞粉,鹽,黑胡椒,NULL,NULL,NULL,NULL,NULL,NULL,NULL,NULL,NULL,NULL
地瓜沙拉三明治+堅果牛奶,全麥吐司,地瓜,市售堅果飲隨身包,雞蛋,熱水,鹽,牛奶,砂糖,美乃滋,NULL,NULL,NULL,NULL,NULL,NULL,NULL,NULL,NULL,NULL
低卡又瘦身的菇菇豆漿鍋-好菇道美味家廚,好菇道雪白菇,寒天麵or麵,無糖高纖燕麥豆漿or豆漿,昨天冰箱的剩菜,柴魚片,NULL,NULL,NULL,NULL,NULL,NULL,NULL,NULL,NULL,NULL,NULL,NULL,NULL,NULL
焗烤甘薯,葵遙甘薯,花椰菜,比薩乳酪絲,鹽 黑胡椒粉,NULL,NULL,NULL,NULL,NULL,NULL,NULL,NULL,NULL,NULL,NULL,NULL,NULL,NULL,NULL
超甜瘦身湯水~雜菜薯仔瘦肉湯,粟米,青紅蘿蔔,番茄,馬鈴薯,椰菜,瘦肉,薑片,NULL,NULL,NULL,NULL,NULL,NULL,NULL,NULL,NULL,NULL,NULL,NULL
低卡經典肉排三明治,全麥土司,雞蛋,豬絞肉,洋蔥,小黃瓜,番茄,胡椒,生菜,鹽巴,酸黃瓜,黃芥末,醬油,NULL,NULL,NULL,NULL,NULL,NULL,NULL
減肥早餐>>>義式香草鮮奶雞蛋燕麥餅,原味無香料添加大燕麥片,低脂鮮奶,雞蛋,鹽,各式香草,NULL,NULL,NULL,NULL,NULL,NULL,NULL,NULL,NULL,NULL,NULL,NULL,NULL,NULL
五色繽紛吐司&鮮奶酪,乳酪起司,覆盆子,鮮奶,藍莓,吉利丁粉,薄荷葉,糖,香蕉,腰果碎,雞蛋,酪梨,黑胡椒,NULL,NULL,NULL,NULL,NULL,NULL,NULL
鮭魚燕麥粥［留學生瘦身料理］,燕麥粒,水,鮭魚罐頭或者新鮮鮭魚,蔥花,NULL,NULL,NULL,NULL,NULL,NULL,NULL,NULL,NULL,NULL,NULL,NULL,NULL,NULL,NULL
夏天減肥輕食譜-越南春捲,越南米紙,九層塔,蝦,越南火腿,越南米線,小黃瓜去皮切半切條,水,魚露,檸檬汁,砂糖,蒜末,辣椒去籽切末,香菜切碎,花生碎or粉,NULL,NULL,NULL,NULL,NULL
低脂蜂蜜檸檬烤雞胸,雞胸肉,青花椰菜,黑胡椒,番茄,蜂蜜,番薯,鹽,洋蔥,辣椒粉,檸檬,橄欖油,NULL,NULL,NULL,NULL,NULL,NULL,NULL,NULL
減肥餐「低卡白醬雞蔬義大利麵」一底,蘑菇,紅甜椒,義大利香料,高麗菜,海鹽,四季豆,低脂牛奶,洋蔥末,蒜末,雞胸肉,蝴蝶麵,無鹽奶油,月桂葉,黑胡椒,NULL,NULL,NULL,NULL,NULL
"無油低卡瘦身輕料理""鮪魚豆腐排""",水煮鮪魚罐頭,板豆腐,洋蔥,大蒜末,中筋麵粉,鹽,胡椒,芥末醬,巴薩米克醋,橄欖油,NULL,NULL,NULL,NULL,NULL,NULL,NULL,NULL,NULL
鮮甜什錦蔬菜湯冬粉 (瘦身無油料理),紅蘿蔔,蕃茄,鹽 ,玉米,味醂,玉米筍,金針菇,高麗菜,豬胸排骨切塊,寬冬粉,冷開水,NULL,NULL,NULL,NULL,NULL,NULL,NULL,NULL
自製酸梅湯清熱毒又養顏還可瘦身哦…….,煙燻烏梅,山楂,洛神花,鹹陳皮,甘草,冰糖,決明子,蜂蜜,水,桂花或糖桂花,NULL,NULL,NULL,NULL,NULL,NULL,NULL,NULL,NULL
烙烤雞柳香橙油醋沙拉 329卡,雞柳,橄欖油,黑胡椒粗粒,鹽,香吉士果肉切片,綜合生菜,小番茄切片,紫洋蔥切絲,杏仁碎,香吉士皮刨絲,初榨橄欖油,巴薩米克酒醋醬,大蒜切碎,NULL,NULL,NULL,NULL,NULL,NULL
五分鐘完成！低卡蒟蒻涼麵★零電視之家,蒟蒻麵,醬油,和風芝麻醬,麻油,鮭魚卵,NULL,NULL,NULL,NULL,NULL,NULL,NULL,NULL,NULL,NULL,NULL,NULL,NULL,NULL
希臘優格沙拉 161卡,脫脂優格,牛番茄切片,小黃瓜斜切片,西瓜挖球,紫洋蔥切片,費達起司,芝麻葉,蜂蜜,初榨橄欖油,NULL,NULL,NULL,NULL,NULL,NULL,NULL,NULL,NULL,NULL
料理甜甜圈【鮮料理】鮮蔬蒟蒻麵,蝦仁,蒟蒻麵,芒果,蘋果,玉米粒,花椰菜,鹽巴,高湯,米酒,黑胡椒,NULL,NULL,NULL,NULL,NULL,NULL,NULL,NULL,NULL
黑糖龍眼香蕉燕麥糕,原味燕麥片,黑糖,蓮藕粉,龍眼乾,無糖豆漿,香蕉,NULL,NULL,NULL,NULL,NULL,NULL,NULL,NULL,NULL,NULL,NULL,NULL,NULL
Mimi♥巧克力雞排【瘦身食譜】,放山古早雞雞胸,有機玉米筍,小蕃茄,南瓜,綜合沙拉葉,大蒜,洋蔥,黑芝麻,杏仁,核桃,七彩胡椒粉,滴雞精,水,巧克力,NULL,NULL,NULL,NULL,NULL
【吳双の瘦身料理】美顏牛肉溫沙拉,大陸妹,牛勒條,玫瑰鹽,麻油,野菇,花椰菜,玉米筍,小蕃茄,大蒜,NULL,NULL,NULL,NULL,NULL,NULL,NULL,NULL,NULL,NULL
夏日和風溫沙拉,雞胸肉,花椰菜,巴薩米克醋,馬鈴薯,橄欖油,小蕃茄,鹽巴,水煮蛋,黑胡椒,NULL,NULL,NULL,NULL,NULL,NULL,NULL,NULL,NULL,NULL
高纖蒟蒻牛蒡鍋,蒟蒻,紅蘿蔔／蓮藕,牛蒡,荷蘭豆,冬菇,蒜,葡萄籽油,無味精雞湯,老抽,糖,NULL,NULL,NULL,NULL,NULL,NULL,NULL,NULL,NULL
【愛瘦身食堂】泡菜味噌豬肉鍋,豬肉片,傳統豆腐,金針菇,大白菜,韓式泡菜,大蒜,青蔥,麵線,韓式辣椒醬,米酒,味噌,水,NULL,NULL,NULL,NULL,NULL,NULL,NULL
低GI_芝麻香蕉燕麥片+抹茶優酪乳,燕麥片,香蕉,芝麻,抹茶粉,無糖優酪乳,牛奶,NULL,NULL,NULL,NULL,NULL,NULL,NULL,NULL,NULL,NULL,NULL,NULL,NULL
和風低卡高麗菜卷,高麗菜,紅蘿蔔,鮮香菇,板豆腐,豬絞肉,雞胸肉,洋蔥,和風高湯,鰹魚風醬油,胡椒粒,鹽,蔥,蛋,NULL,NULL,NULL,NULL,NULL,NULL
偽螞蟻上樹之料多味美【什錦寬粉】,寬冬粉,洋蔥,香菇,紅蘿蔔,筊白筍,芹菜,高麗菜,瘦肉絲,蔥,蒜,橄欖油,冷水 ,冷水 ,辣豆瓣醬,醬油,NULL,NULL,NULL,NULL
牛蒡野菇丼飯【低卡蔬食料理】,牛蒡絲,鴻禧菇,醬油,洋蔥絲,味霖,蛋,清酒或米酒,砂糖,高湯或清水,NULL,NULL,NULL,NULL,NULL,NULL,NULL,NULL,NULL,NULL
[減肥食譜] 脆甜胡蘿蔔滑蛋,胡蘿蔔,雞蛋,NULL,NULL,NULL,NULL,NULL,NULL,NULL,NULL,NULL,NULL,NULL,NULL,NULL,NULL,NULL,NULL,NULL
夏日低卡~蒟蒻涼麵,蒟蒻凍粉,水,#沾麵汁#昆布,#沾麵汁#柴魚,#沾麵汁#水,#沾麵汁#醬油,#沾麵汁#味霖,NULL,NULL,NULL,NULL,NULL,NULL,NULL,NULL,NULL,NULL,NULL,NULL
【愛瘦身食堂】韓式蔬菜拌冬粉,洋蔥,鮮味炒手,橄欖油,白芝麻,黑木耳,紅蘿蔔,小黃瓜,乾香菇,冬粉,醬油,麻油,糖,蒜泥,NULL,NULL,NULL,NULL,NULL,NULL
瘦身果汁：芒果柳橙汁,芒果,柳橙,可用市售柳橙原汁代替,NULL,NULL,NULL,NULL,NULL,NULL,NULL,NULL,NULL,NULL,NULL,NULL,NULL,NULL,NULL,NULL
電鍋豆漿野菜低卡味噌鍋,豆腐,無糖豆漿,味噌,熱水,蔬菜,肉片,NULL,NULL,NULL,NULL,NULL,NULL,NULL,NULL,NULL,NULL,NULL,NULL,NULL
[減肥食譜] 低卡香辣！泡菜豬肉,泡菜,豬小里肌肉,洋蔥,NULL,NULL,NULL,NULL,NULL,NULL,NULL,NULL,NULL,NULL,NULL,NULL,NULL,NULL,NULL,NULL
蘋果培根蜂糖沙拉 - 早餐,蘿美生菜,蘑菇,蘋果,紅,黃椒,培根,核桃,鹽,白胡椒粉,蜂蜜果糖,麵包丁,葡萄乾,NULL,NULL,NULL,NULL,NULL,NULL,NULL
豆瓣炒冬粉,冬粉,豬絞肉,四季豆,紅蘿蔔,蔥,辣豆瓣,胡椒粉,冰糖,蠔油,米酒,香油,NULL,NULL,NULL,NULL,NULL,NULL,NULL,NULL
【愛瘦身食堂】蔥爆雞丁糙米飯,去骨雞腿肉,青蔥,大蒜,辣椒,白精靈菇,糙米飯,米酒,醬油,太白粉,NULL,NULL,NULL,NULL,NULL,NULL,NULL,NULL,NULL,NULL
低卡食譜~涼瓜炆鮮山藥,鮮山藥,苦瓜,脫脂清雞湯,蠔油,油,NULL,NULL,NULL,NULL,NULL,NULL,NULL,NULL,NULL,NULL,NULL,NULL,NULL,NULL
★H-House微光小廚房★罐裝輕食沙拉,彩色紅蘿蔔,竹筍,青苦瓜,小黃瓜,小番茄,龍鬚菜,鴻喜菇,新鮮吻仔魚,新鮮櫻花蝦,NULL,NULL,NULL,NULL,NULL,NULL,NULL,NULL,NULL,NULL
和風芝麻蒟蒻烏龍麵,五味粉,芝麻,醬油,麻油,烏醋,味噌,熱水,蒟蒻烏龍麵,蒜泥or薑泥,胡蘿蔔,水煮蛋,火鍋肉片,杏仁果,NULL,NULL,NULL,NULL,NULL,NULL
韓星靠南瓜水瘦身!南瓜水與烤南瓜籽,南瓜,水,鹽,胡椒粉,橄欖油,NULL,NULL,NULL,NULL,NULL,NULL,NULL,NULL,NULL,NULL,NULL,NULL,NULL,NULL
【愛瘦身食堂】家常香Q蛋餅,蛋,水,中筋麵粉,玉米粉,青蔥,橄欖油,鹽,醬油膏,NULL,NULL,NULL,NULL,NULL,NULL,NULL,NULL,NULL,NULL,NULL
瘦身營養牛肉湯,牛鍵,洋蔥,紅蘿蔔,西芹,番茄,迷迭香,香菜裝飾,鹽. 糖,NULL,NULL,NULL,NULL,NULL,NULL,NULL,NULL,NULL,NULL,NULL
[減肥食譜] 誰說無味！雞胸排餐,雞胸肉,醬油,味琳,義大利香料,花椰菜,NULL,NULL,NULL,NULL,NULL,NULL,NULL,NULL,NULL,NULL,NULL,NULL,NULL,NULL
低卡美顏泰式烤里肌沙拉（175大卡）,芒果,甜椒,豬里肌,海藻,蘿曼生菜,鹽巴,胡椒,香菜碎,蒜末,辣椒丁,檸檬汁,魚露,糖,醬油,水,NULL,NULL,NULL,NULL
纖綠汁～瘦身美顏,芭樂,奇異果,檸檬,冰塊,冷開水,NULL,NULL,NULL,NULL,NULL,NULL,NULL,NULL,NULL,NULL,NULL,NULL,NULL,NULL
夏季就要排毒養生地瓜蛋沙拉（235大卡）,地瓜切塊,小顆蘋果切丁,小黃瓜切丁,水煮蛋,吐司,小番茄,美乃滋,鹽巴,粗粒黑胡椒,NULL,NULL,NULL,NULL,NULL,NULL,NULL,NULL,NULL,NULL
[減肥食譜] 簡單鮮甜！香煎鯛魚,鯛魚背肉,檸檬,黑胡椒,NULL,NULL,NULL,NULL,NULL,NULL,NULL,NULL,NULL,NULL,NULL,NULL,NULL,NULL,NULL,NULL
低卡蘋果蝦鬆佐蘿蔓生菜,蝦,蘿蔓生菜,蘿蔓生菜丁,蘋果丁,薑末,蒜末,洋蔥丁,蔥花,可樂果,白胡椒粉,雞粉,鹽巴,米酒,香油,NULL,NULL,NULL,NULL,NULL
低卡青蔥豆腐雞肉捲,青椒,高麗菜,青蔥,芙蓉豆腐,雞里肌肉,蒜頭,鹽,米酒,黑胡椒,白胡椒,NULL,NULL,NULL,NULL,NULL,NULL,NULL,NULL,NULL
瘦身果汁：酵素特調果汁,奇異果,鳳梨,香蕉,水,NULL,NULL,NULL,NULL,NULL,NULL,NULL,NULL,NULL,NULL,NULL,NULL,NULL,NULL,NULL
蘆筍烤蛋火腿三明治 278卡,全麥吐司,火腿,蘆筍切段,黃櫛瓜切片,蘑菇切片,洋蔥絲,雞蛋,黑胡椒,鹽,匈牙利紅椒粉,NULL,NULL,NULL,NULL,NULL,NULL,NULL,NULL,NULL
韓式泡菜豬肉炒雪麵,蒟蒻雪麵,韓式泡菜,豬肉片,蔥,蒜片,秀珍菇,玉米筍,醬油,砂糖,NULL,NULL,NULL,NULL,NULL,NULL,NULL,NULL,NULL,NULL
【愛瘦身食堂】泰式鮮蝦蒟蒻涼麵,蝦子,蘆筍,花生米,為卡蒟蒻麵條,甜雞醬,檸檬汁,魚露,蜂蜜,九層塔末,香菜末,薄荷葉末,NULL,NULL,NULL,NULL,NULL,NULL,NULL,NULL
涼拌雞絲,雞胸肉,小黃瓜,紅蘿蔔,薑片,辣椒,蒜末,鹽,香油,麻油,NULL,NULL,NULL,NULL,NULL,NULL,NULL,NULL,NULL,NULL
美人瘦身湯【711就近帶回家】,7-11鮮採牛蕃茄,好菇道雪白菇,7-11黑木耳,洋蔥,紅蘿蔔,芹菜,鹽,NULL,NULL,NULL,NULL,NULL,NULL,NULL,NULL,NULL,NULL,NULL,NULL
低熱量蔬菜炒蒟蒻細粉,熟雞胸肉,杏鮑菇,家樂福嚴選紅蘿蔔,木耳,高麗菜,蒟蒻絲,XO醬,蝦米,蠔油,鹽,胡椒,NULL,NULL,NULL,NULL,NULL,NULL,NULL,NULL
馬鈴薯沙拉,白皮小馬鈴薯,馬鈴薯,水煮蛋,小黃瓜,生萵苣,普羅旺斯風味香料,酸黃瓜醬,新鮮藍莓,燻鮭魚,沙拉醬,使用一般量匙,NULL,NULL,NULL,NULL,NULL,NULL,NULL,NULL
腐乳油醋雞絲沙拉 夏♥雞絲輕食 3,熟雞胸 ,青江菜,粉絲,醬汁︰豆腐乳,醬汁︰白醋,醬汁︰橄欖油,醬汁︰糖,醬汁︰蒜泥 ,醬汁︰小辣椒 ,醬汁︰香菜,NULL,NULL,NULL,NULL,NULL,NULL,NULL,NULL,NULL
紫蘇番茄雞絲沙拉 夏♥雞絲輕食 2,雞胸肉 ,番茄,紫蘇葉,嫩薑,醬汁︰紅酒醋,醬汁︰糖,醬汁︰橄欖油,醬汁︰鹽,NULL,NULL,NULL,NULL,NULL,NULL,NULL,NULL,NULL,NULL,NULL
超Juicy超正~♥夏威夷雞肉漢堡♥,漢堡包,低脂芝士片,瘦雞肉碎,生菜片,番茄片,鮮菠蘿片,雞蛋,洋葱,鹽,無鹽香草,胡椒粉,低鈉意粉醬,NULL,NULL,NULL,NULL,NULL,NULL,NULL
怪味雞絲涼粉 夏♥雞絲輕食 9,熟雞胸,小黃,涼粉,麻油,醬汁︰蒜薑蔥末,醬汁︰辣椒,醬汁︰醬油,醬汁︰白醋,醬汁︰糖,醬汁︰花椒粉,醬汁︰麻油,醬汁︰水,NULL,NULL,NULL,NULL,NULL,NULL,NULL
黑醋香蒜雞絲 夏♥雞絲輕食8,熟雞胸 ,豆芽菜,韭菜,麻油,醬汁︰醬油,醬汁︰黑醋,醬汁︰麻油,醬汁︰蒜泥,醬汁︰水,NULL,NULL,NULL,NULL,NULL,NULL,NULL,NULL,NULL,NULL
椒麻雞絲沙拉 夏♥雞絲輕食7,熟雞胸,美生菜,花生,,辣油,醬汁︰醬油,醬汁︰白醋,醬汁︰糖,醬汁︰麻辣醬,醬汁︰水,NULL,NULL,NULL,NULL,NULL,NULL,NULL,NULL,NULL
酪梨優酪乳沙拉,酪梨,洋蔥,枝豆,優酪乳,豆腐,醬油,日式美乃滋,檸檬汁,鹽,黑胡椒,NULL,NULL,NULL,NULL,NULL,NULL,NULL,NULL,NULL
海帶芽拌五花腩,材料,五花腩,海帶芽,甘筍,蒜茸,薑,蔥,生粉,滷水汁,天然滷汁包,清水,鹽,老抽,調味料,豉油,白醋,有機黃金砂糖,純冷壓黑芝麻油,NULL
韓式牛柳薯粉~簡易低脂,韓國薯粉,韓國甜辣醬,黑椒粉,牛柳粒,低鈉豉油,泡菜,葱段,薑及乾蔥,代糖,油,NULL,NULL,NULL,NULL,NULL,NULL,NULL,NULL,NULL
麻香蘿蔓沙拉,【香料共和國】醍味白胡椒,蘿蔓,小蕃茄,小黃瓜,蘋果,蒜頭,麻油,糖,鹽,醋,檸檬汁,NULL,NULL,NULL,NULL,NULL,NULL,NULL,NULL
低卡馬鈴薯泥,罵鈴薯,洋蔥,熟蛋黃,海鹽,黑胡椒,牛奶/豆漿,奶油,NULL,NULL,NULL,NULL,NULL,NULL,NULL,NULL,NULL,NULL,NULL,NULL
[減肥食譜] 蔬菜烘蛋,雞蛋,花椰菜,牛番茄,洋蔥,火腿,NULL,NULL,NULL,NULL,NULL,NULL,NULL,NULL,NULL,NULL,NULL,NULL,NULL,NULL
【健康。瘦。食】甜椒佐雞腿肉餐組,去骨雞腿肉,甜椒,蛋,白菜,五穀米,鹽,鰹魚粉,日式醬油,NULL,NULL,NULL,NULL,NULL,NULL,NULL,NULL,NULL,NULL,NULL
{低脂低油}莎莎醬嫩雞片,雞胸肉,鴻喜菇,美白菇或精靈菇,牛番茄,洋蔥,芫荽,蒜頭,香蒜粒.黑胡椒粒,玫瑰鹽,義大利香料粉,檸檬,初榨橄欖油,日本太白粉,炒油,NULL,NULL,NULL,NULL,NULL
上湯蟹肉娃娃菜～低卡無脂,娃娃菜,蟹棒肉,鮮咸蛋,脫脂魚湯,薑,NULL,NULL,NULL,NULL,NULL,NULL,NULL,NULL,NULL,NULL,NULL,NULL,NULL,NULL
減肥美食--泰式杏鮑菇海鮮湯,杏鮑菇,蛤蠣,洋蔥,豆芽菜,水,檸檬,魚露,九層塔,薑片,肉片,番茄,NULL,NULL,NULL,NULL,NULL,NULL,NULL,NULL
尼斯風炙燒生魚韃靼 214卡,蒸馬鈴薯切丁,鹽,水煮四季豆切丁,黃甜椒切丁,紅甜椒切丁,鮪魚生魚片切丁,鮭魚生魚片切丁,海鱺魚生魚片切丁,油漬鯷魚搗碎,大蒜切碎,酸豆切碎,油漬橄欖切片,初榨橄欖油,紅酒醋,NULL,NULL,NULL,NULL,NULL
Mimi♥藜麥水果沙拉【瘦身料理】,有機藜麥,水,富士蘋果,蓮霧,奇異果,鳳梨罐頭,初榨冷壓橄欖油,檸檬汁,蜂蜜,鹽,NULL,NULL,NULL,NULL,NULL,NULL,NULL,NULL,NULL
Mimi♥珊瑚草花枝沙拉【瘦身料理】,珊瑚草,西洋芹,花枝,橄欖油,醬油,醋,糖,蒜末,NULL,NULL,NULL,NULL,NULL,NULL,NULL,NULL,NULL,NULL,NULL
鮮果藜麥沙律,AK安康藜麥,火箭菜,新鮮無花果,金黃奇異果,AK安康有機腰果,汁料,AK安康排毒酵精,特級初榨橄欖油,黑胡椒碎／意大利雜香草乾,鹽,NULL,NULL,NULL,NULL,NULL,NULL,NULL,NULL,NULL
香煎芝麻鮪魚佐柚香和風醬 276Kcal,葡萄柚果肉,芝麻菜,小番茄,蘿蔔櫻桃,紫高麗菜苗,鮪魚生魚片,白芝麻,橄欖油,柚香和風醬,葡萄柚皮刨絲,葡萄柚汁,味霖,鰹魚醬油,初榨橄欖油,綠芥末醬,NULL,NULL,NULL,NULL
[減肥便當]迷迭香雞胸肉&馬鈴薯泥,馬鈴薯,小黃瓜,洋蔥,雞胸肉,鮭魚,青江菜,鹽,胡椒,迷迭香料,NULL,NULL,NULL,NULL,NULL,NULL,NULL,NULL,NULL,NULL
